запись,отрезок,время,режим,кадр,fps,пар_кадров,окон_всего,окон_согласных,v_ось_м_с,v_ядро_px_с,v_консенсус_px_с,v_разброс_окон_%,расхождение_методов_%,расхождение_методов_окна_%,уровень_мм,площадь_см2,Q_мин_л_с,Q_макс_л_с,т_ч_мин,т_ч_макс,край_P10,край_P90,ось_на_краю,видимая_полуширина_мм,оценка
20260919-184026,,18:40:26,series,1280x800,214,,5,5,2.04,nan,3.52e+03,1.07,nan,6.6,104,217,26.1,33.1,319,405,-91,-61,False,118,надёжно
20260919-184108,,18:41:08,series,1280x800,214,,55,55,2.05,nan,3.55e+03,2.32,nan,6.3,100,206,24.9,31.5,304,386,-82,-55,False,117,надёжно
20260919-184216,,18:42:16,series,1280x1024,214,,20,20,2.04,nan,3.62e+03,0.9,nan,5.95,86.6,169,20.1,25.5,246,313,-84,-42,False,111,надёжно
20260919-184306,,18:43:06,series,1280x1024,214,,51,32,2.02,nan,3.58e+03,1.3,nan,9.2,67.1,118,13.8,17.5,169,214,-83,-24.4,False,100,надёжно
20260919-184438,,18:44:38,standard,1280x1024,214,,59,50,2.03,nan,3.59e+03,1.28,nan,6.7,116,254,30.2,38.3,369,468,-97.5,-26,False,123,надёжно
20260919-184628,,18:46:28,standard,1280x1024,214,,2,0,2.04,nan,3.49e+03,nan,nan,12.6,93.5,188,22.1,28,270,343,-75,-30,False,114,надёжно
20260919-184759,,18:47:59,standard,1280x600,214,,29,0,1.95,nan,3.4e+03,2.39,nan,15.4,78.9,148,16.5,20.9,201,256,-63,0.2,False,107,надёжно
20260919-184918,,18:49:18,series,1280x600,214,,29,6,1.93,nan,3.42e+03,1.02,nan,12.7,78.5,147,16.2,20.6,199,252,-91,3,False,107,рваный край
20260919-185026,,18:50:26,series,1280x1024,214,,29,0,1.88,nan,3.37e+03,1.47,nan,16.1,118,259,28.2,35.8,346,439,-89,20.2,True,124,ось вне профиля; рваный край
20260919-185115,,18:51:15,series,1280x1024,214,,29,0,1.81,nan,3.32e+03,0.787,nan,20.6,68.8,122,12.8,16.2,157,199,-95.3,22.3,True,101,ось вне профиля; рваный край; методы расходятся >20%
20260919-185311,,18:53:11,series,1280x1024,214,,29,8,1.92,nan,3.33e+03,1.63,nan,14,109,231,24.6,31.2,301,382,-96,3,True,120,ось вне профиля; рваный край
20260919-190128,,19:01:28,series,1280x1024,214,,30,23,1.74,nan,3.32e+03,1.4,nan,8.35,22.2,23.7,2.1,2.67,25.7,32.6,-98,-45,True,53.6,ось вне профиля; ось не найдена (видимая полуширина < 70 мм)
20260919-191328,,19:13:28,series,1280x1024,214,,23,8,1.82,nan,3.18e+03,1.34,nan,19,52.2,82.3,8.96,11.4,110,139,-45,-26.6,False,88.7,надёжно
20260919-191549,0–30 с,19:15:49,series,1280x1024,214,,29,28,1.84,nan,3.28e+03,3.17,nan,1.9,80.3,152,16.5,21,202,257,-128,-60,True,108,ось вне профиля
20260919-191549,30–60 с,19:16:19,series,1280x1024,214,,29,27,1.82,nan,3.31e+03,1.43,nan,2.95,91.8,183,19.8,25.1,242,308,-137,-96,True,113,ось вне профиля
20260919-191549,60–90 с,19:16:49,series,1280x1024,214,,29,6,1.81,nan,3.25e+03,2.68,nan,12.9,66.9,118,12.2,15.5,149,189,-115,-66,False,99.9,надёжно
20260919-191549,90–120 с,19:17:19,series,1280x1024,214,,29,2,1.85,nan,3.3e+03,2.47,nan,17.1,94.9,192,20.7,26.2,253,321,-134,-57,True,115,ось вне профиля
20260919-191549,120–150 с,19:17:49,series,1280x1024,214,,29,26,1.79,nan,3.28e+03,1.67,nan,3.5,101,209,20.6,26.2,252,320,-178,-127,True,117,ось вне профиля
20260919-191549,150–180 с,19:18:19,series,1280x1024,214,,29,27,1.82,nan,3.28e+03,1.28,nan,1.5,58.4,96.8,9.97,12.6,122,155,-119,-71,True,93.8,ось вне профиля
20260919-191549,180–210 с,19:18:49,series,1280x1024,214,,29,0,1.84,nan,3.24e+03,1.33,nan,15.9,91,181,18.1,22.9,221,281,-123,-69,True,113,ось вне профиля
20260919-191549,210–240 с,19:19:19,series,1280x1024,214,,29,4,1.82,nan,3.24e+03,2.11,nan,13.4,94.1,190,18.6,23.6,227,288,-124,-70.7,True,114,ось вне профиля
20260919-191549,240–270 с,19:19:49,series,1280x1024,214,,29,10,1.79,nan,3.24e+03,1.63,nan,11,nan,nan,nan,nan,nan,nan,-644,-127,False,162,рваный край; уровень не определён
20260919-191549,270–300 с,19:20:19,series,1280x1024,214,,29,2,1.82,nan,3.23e+03,1.23,nan,12,70.8,127,14,17.7,171,217,-111,-58,True,102,ось вне профиля
20260919-192139,0–30 с,19:21:39,series,1280x1024,214,,29,20,1.78,nan,3.22e+03,1.19,nan,8.4,52.1,82.3,7.96,10.1,97.5,124,-114,-75,True,88.7,ось вне профиля
20260919-192139,30–60 с,19:22:09,series,1280x1024,214,,29,21,1.77,nan,3.19e+03,1.71,nan,6.8,51,79.8,7.69,9.76,94.1,119,-110,-71,True,87.7,ось вне профиля
20260919-192139,60–90 с,19:22:39,series,1280x1024,214,,29,29,1.78,nan,3.19e+03,1.19,nan,4,31.8,40,3.81,4.83,46.6,59.1,-98,-64,False,67.3,ось не найдена (видимая полуширина < 70 мм)
20260919-192139,90–120 с,19:23:09,series,1280x1024,214,,29,29,1.74,nan,3.1e+03,2.04,nan,4.6,24.3,27,2.57,3.26,31.4,39.9,-97,-55,False,56.9,ось не найдена (видимая полуширина < 70 мм)
20260919-192139,120–150 с,19:23:39,series,1280x1024,214,,29,29,1.66,nan,2.98e+03,1.37,nan,4.9,23.6,25.8,2.35,2.98,28.8,36.5,-95,-49,False,55.7,ось не найдена (видимая полуширина < 70 мм)
20260919-192139,150–180 с,19:24:09,series,1280x1024,214,,29,20,1.59,nan,2.76e+03,3.94,nan,6.4,17.3,16.3,1.49,1.89,18.2,23.1,-84.7,-49,False,44.9,ось не найдена (видимая полуширина < 70 мм)
20260919-192139,180–210 с,19:24:39,series,1280x1024,214,,29,10,1.76,nan,3.14e+03,3.75,nan,12.3,31.2,39,3.69,4.68,45.1,57.3,-121,-97,False,66.6,ось не найдена (видимая полуширина < 70 мм)
20260919-192139,210–240 с,19:25:09,series,1280x1024,214,,29,10,1.53,nan,2.87e+03,18.4,nan,12.6,63.6,109,8.2,10.4,100,127,-118,-93,True,97.6,ось вне профиля
20260919-192139,240–270 с,19:25:39,series,1280x1024,214,,29,10,0.496,nan,658,21.8,nan,21.6,25.5,29,0.66,0.837,8.07,10.2,-59,-33,True,58.7,ось вне профиля; ось не найдена (видимая полуширина < 70 мм); методы расходятся >20%
20260919-192139,270–300 с,19:26:09,series,1280x1024,214,,29,22,0.169,nan,295,41.3,nan,4.7,18.2,17.6,0.157,0.199,1.92,2.44,-126,-42,False,46.6,рваный край; ось не найдена (видимая полуширина < 70 мм)
