x_mm,z_mm
198.9,223.1
197.9,219.3
195.6,215.3
191.5,211.2
190.1,207.5
188.1,203.9
185.2,200.3
183.5,196.9
183.1,193.6
180.6,190.3
179.4,187.1
178.2,180.8
178.1,183.9
176.8,177.7
176.0,174.7
175.2,171.6
174.4,168.6
172.8,165.7
171.2,162.8
170.2,159.9
169.8,157.0
169.3,154.0
168.8,151.0
168.0,148.2
166.7,145.4
165.4,142.6
164.7,139.7
163.0,137.1
162.5,134.2
161.5,128.4
161.4,131.5
160.5,125.5
160.2,122.5
158.5,120.0
157.4,117.2
155.7,111.5
155.7,114.7
154.5,108.8
153.5,106.0
152.8,103.0
151.4,100.3
149.9,97.7
147.9,95.4
146.4,92.9
144.5,90.5
142.9,88.0
141.9,85.1
139.9,82.9
137.9,80.6
136.4,78.0
134.8,75.5
132.5,73.6
131.1,70.8
128.9,68.8
127.2,66.3
124.4,64.8
122.1,62.9
119.8,61.0
117.7,58.9
115.1,57.4
112.9,55.4
110.9,53.2
108.9,51.0
106.4,49.4
104.9,46.5
102.2,45.2
100.4,42.7
97.8,41.2
95.1,39.8
92.3,38.7
90.3,36.3
88.6,33.3
86.4,31.2
84.7,27.9
83.3,24.1
81.5,20.9
79.6,17.7
77.4,14.8
75.3,11.6
72.6,9.7
69.8,8.2
67.2,5.7
64.7,3.0
61.8,1.3
58.7,0.2
55.0,0.9
51.8,0.2
48.2,1.0
45.0,0.1
41.7,0.4
38.4,0.3
35.1,0.3
31.9,0.1
28.6,0.2
25.4,0.4
22.2,0.3
19.0,0.3
15.8,0.0
12.6,0.4
9.5,0.2
6.3,0.1
3.1,0.7
0.0,1.3
-3.1,1.3
-6.2,2.1
-9.3,2.9
-12.3,5.1
-15.3,5.7
-18.4,5.6
-21.5,5.7
-24.5,6.4
-27.4,7.5
-30.4,8.3
-33.4,9.2
-36.3,9.8
-39.5,9.8
-42.3,11.2
-45.2,12.3
-48.1,13.1
-51.1,13.7
-53.9,14.9
-57.0,15.2
-60.1,15.6
-63.1,16.4
-66.1,17.2
-69.0,18.4
-71.5,20.2
-74.2,21.8
-76.5,24.0
-78.9,26.0
-81.7,27.1
-84.1,29.1
-86.6,30.9
-89.2,32.4
-90.8,35.4
-93.2,37.3
-95.3,39.5
-97.6,41.5
-99.4,44.0
-101.8,45.8
-103.7,48.1
-105.8,50.2
-108.3,51.8
-109.8,54.5
-112.2,56.2
-114.4,58.1
-116.3,60.4
-118.1,62.7
-120.9,64.1
-122.9,66.2
-125.2,68.1
-127.9,69.7
-131.1,70.8
-132.5,73.6
-132.7,77.1
-134.0,79.9
-135.2,82.6
-136.0,85.6
-137.1,88.3
-138.7,90.7
-139.1,93.9
-140.6,96.3
-142.1,98.8
-143.5,101.3
-144.0,104.3
-144.7,107.1
-145.9,109.6
-147.2,112.2
-149.0,114.5
-150.1,117.1
-150.9,119.9
-152.2,122.4
-152.6,125.3
-154.2,127.7
-155.4,130.3
-156.6,132.9
-157.4,135.7
-158.5,138.4
-159.8,141.0
-161.2,143.6
-162.4,146.3
-164.3,148.9
-164.9,151.7
-166.0,154.5
-166.8,157.4
-168.2,160.2
-169.5,163.0
-170.8,165.9
-172.4,168.8
-173.2,171.7
-174.0,174.7
-176.1,177.7
-177.5,180.8
-178.8,183.9
-180.1,187.1
-181.3,190.3
-183.1,193.6
-184.2,196.9
-185.8,200.3
-186.8,203.8
-188.4,207.3
-190.5,211.0
-191.9,214.7
-193.6,218.5
-195.6,222.4
-196.3,229.8
-196.5,226.2
